<?xml version="1.0" encoding="UTF-8"?>
<!DOCTYPE configuration PUBLIC "-//mybatis.org//DTD Config 3.0//EN" "http://mybatis.org/dtd/mybatis-3-config.dtd">
<configuration>
	<properties resource="kr/or/ddit/db/Dbinfo.properties"/>
	<settings>
	 <setting name="mapUnderscoreToCamelCase" value="true" />
	</settings>
	
	<typeAliases>
		<package name="kr.or.ddit.vo" />
	</typeAliases>
	<environments default="dev">
		<environment id="dev">
			<transactionManager type="JDBC" />
			<dataSource type="POOLED">
				<property name="driver" value="${driverClassName}" />
				<property name="url" value="${url}" />
				<property name="username" value="${user}" />
				<property name="password" value="${password}" />
				<property name="poolMaximumActiveConnections" value="${maxActive}" />
				<property name="poolMaximumIdleConnections" value="${maxIdle}" />
				<property name="poolTimeToWait" value="${maxWait}" />
				<property name="poolPingQuery" value="${textQuery}" />
				
			</dataSource>
		</environment>
	</environments>
	<mappers>
		<mapper resource="kr/or/ddit/mybatis/mappers/Member.xml"/>
	</mappers>
</configuration>