<?xml version="1.0" encoding="UTF-8"?>

<!-- logging : 4가지요소 - 메세지, 메세지 남길장소(Appenders), 어떤형식으로 기록할지(PatternLayout), 누가기록할지(logger)! -->
<!-- appender : 로그를 기록할 매체 (콘솔, 파일, DB, ... 서버) -->
<!-- layout : 패턴 문자를 이용해 메시지의 형식을 제한 -->
<!-- logger : 메시지 기록자 -->
<!-- root logger : 구체적인 로거에 대한 정책이 없을 때, 기본으로 사용되는 로거. -->
<!-- log level : 메시지의 경중도를 표현하는 우선순위 등급으로 로거에 설정된 level에 따라 메시지 기록 여부가 제어됨. -->
<!-- 	trace - debug - info - warn - error - fatal -->

<Configuration status="WARN">
  <Appenders>
    <Console name="Console" target="SYSTEM_OUT">
      <PatternLayout pattern="%d{HH:mm:ss.SSS} [%t] %-5level %logger{36} - %n%msg%n------------------------------------------------------------------------------------%n"/>
    </Console>
  </Appenders>
  
  <Loggers>
    <Logger name="kr.or.ddit" level="info" />
    <Logger name="jdbc.sqltiming" level="debug" />
    <Logger name="jdbc.resultsettable" level="debug" />
      <AppenderRef ref="Console"/>
    <Root level="error">
      <AppenderRef ref="Console"/>
    </Root>
  </Loggers>
</Configuration>